{"cameraMode":{"drawMode":0,"name":"Shaded","section":"Shading Mode"},"sceneLighting":false,"audioPlay":false,"sceneViewState":{"m_AlwaysRefresh":false,"showFog":true,"showSkybox":false,"showFlares":true,"showImageEffects":true,"showParticleSystems":true,"showVisualEffectGraphs":true,"m_FxEnabled":true},"in2DMode":false,"pivot":{"x":5.972914695739746,"y":3.2233963012695314,"z":17.994577407836915},"rotation":{"x":-0.07822498679161072,"y":0.011062699370086193,"z":-0.0008679018937982619,"w":-0.9968747496604919},"size":4.214580535888672,"orthographic":false}