{"cameraMode":{"drawMode":0,"name":"Shaded","section":"Shading Mode"},"sceneLighting":false,"audioPlay":false,"sceneViewState":{"m_AlwaysRefresh":false,"showFog":true,"showSkybox":false,"showFlares":true,"showImageEffects":true,"showParticleSystems":true,"showVisualEffectGraphs":true,"m_FxEnabled":true},"in2DMode":false,"pivot":{"x":-0.0003083944320678711,"y":0.8787575960159302,"z":0.043944425880908969},"rotation":{"x":-0.18035969138145448,"y":0.039523396641016009,"z":-0.007253602147102356,"w":-0.9827808737754822},"size":1.1330173015594483,"orthographic":false}