{"cameraMode":{"drawMode":0,"name":"Shaded","section":"Shading Mode"},"sceneLighting":false,"audioPlay":false,"sceneViewState":{"m_AlwaysRefresh":false,"showFog":true,"showSkybox":false,"showFlares":true,"showImageEffects":true,"showParticleSystems":true,"showVisualEffectGraphs":true,"m_FxEnabled":true},"in2DMode":false,"pivot":{"x":-0.0003083944320678711,"y":0.8737014532089233,"z":0.040916815400123599},"rotation":{"x":-0.07822498679161072,"y":0.011062699370086193,"z":-0.0008679018937982619,"w":-0.9968747496604919},"size":1.127978801727295,"orthographic":false}