{"cameraMode":{"drawMode":0,"name":"Shaded","section":"Shading Mode"},"sceneLighting":true,"audioPlay":false,"sceneViewState":{"m_AlwaysRefresh":false,"showFog":true,"showSkybox":true,"showFlares":true,"showImageEffects":true,"showParticleSystems":true,"showVisualEffectGraphs":true,"m_FxEnabled":true},"in2DMode":false,"pivot":{"x":-1.104427456855774,"y":1.3416961431503297,"z":0.531808614730835},"rotation":{"x":-0.15383164584636689,"y":0.026373224332928659,"z":-0.00410799914970994,"w":-0.9877387285232544},"size":1.6008630990982056,"orthographic":false}