{"cameraMode":{"drawMode":0,"name":"Shaded","section":"Shading Mode"},"sceneLighting":true,"audioPlay":false,"sceneViewState":{"m_AlwaysRefresh":false,"showFog":true,"showSkybox":true,"showFlares":true,"showImageEffects":true,"showParticleSystems":true,"showVisualEffectGraphs":true,"m_FxEnabled":true},"in2DMode":false,"pivot":{"x":0.8037729859352112,"y":1.7717018127441407,"z":0.6430234909057617},"rotation":{"x":-0.15383164584636689,"y":0.026373224332928659,"z":-0.00410799914970994,"w":-0.9877387285232544},"size":1.6658488512039185,"orthographic":false}