{"cameraMode":{"drawMode":0,"name":"Shaded","section":"Shading Mode"},"sceneLighting":false,"audioPlay":false,"sceneViewState":{"m_AlwaysRefresh":false,"showFog":false,"showSkybox":false,"showFlares":false,"showImageEffects":false,"showParticleSystems":false,"showVisualEffectGraphs":true,"m_FxEnabled":true},"in2DMode":false,"pivot":{"x":0.01745736598968506,"y":0.8160113096237183,"z":0.04369771480560303},"rotation":{"x":-0.07822498679161072,"y":0.011062699370086193,"z":-0.0008679018937982619,"w":-0.9968747496604919},"size":1.2532559633255005,"orthographic":false}